q_Ainv,Sq,nframes_avg
4.065000116825103760e-01,3.222039832173436924e+00,1.000100000000000000e+04
4.194999933242797852e-01,1.796057846638908551e+00,1.000100000000000000e+04
4.325000047683715820e-01,nan,1.000100000000000000e+04
4.455000162124633789e-01,1.710672817984982386e+00,1.000100000000000000e+04
4.584999978542327881e-01,nan,1.000100000000000000e+04
4.714999794960021973e-01,4.178663254591741705e+00,1.000100000000000000e+04
4.844999909400939941e-01,nan,1.000100000000000000e+04
4.975000023841857910e-01,3.064258822048986808e+00,1.000100000000000000e+04
5.105000138282775879e-01,2.602518821141682093e+00,1.000100000000000000e+04
5.234999656677246094e-01,nan,1.000100000000000000e+04
5.364999771118164062e-01,2.333158434778317858e+00,1.000100000000000000e+04
5.494999885559082031e-01,nan,1.000100000000000000e+04
5.625000000000000000e-01,3.693969657571062548e+00,1.000100000000000000e+04
5.755000114440917969e-01,nan,1.000100000000000000e+04
5.885000228881835938e-01,2.044605665672494244e+00,1.000100000000000000e+04
6.015000343322753906e-01,1.286225190157652465e+00,1.000100000000000000e+04
6.144999861717224121e-01,1.366067500045783145e+00,1.000100000000000000e+04
6.274999976158142090e-01,nan,1.000100000000000000e+04
6.405000090599060059e-01,1.920215445427331469e+00,1.000100000000000000e+04
6.534999608993530273e-01,1.973101780356413038e+00,1.000100000000000000e+04
6.664999723434448242e-01,2.347773001976173557e+00,1.000100000000000000e+04
6.794999837875366211e-01,nan,1.000100000000000000e+04
6.924999952316284180e-01,9.151512467875181356e-01,1.000100000000000000e+04
7.055000066757202148e-01,2.802858617291213328e+00,1.000100000000000000e+04
7.185000181198120117e-01,2.057466234443021236e+00,1.000100000000000000e+04
7.315000295639038086e-01,1.211311456206774384e+00,1.000100000000000000e+04
7.444999814033508301e-01,nan,1.000100000000000000e+04
7.574999928474426270e-01,1.465354319268876937e+00,1.000100000000000000e+04
7.704999446868896484e-01,3.263699444982126163e+00,1.000100000000000000e+04
7.834999561309814453e-01,nan,1.000100000000000000e+04
7.964999675750732422e-01,2.541001475932490816e+00,1.000100000000000000e+04
8.094999790191650391e-01,1.688670354746017566e+00,1.000100000000000000e+04
8.224999904632568359e-01,2.229225378688032055e+00,1.000100000000000000e+04
8.355000019073486328e-01,1.245524982227920185e+00,1.000100000000000000e+04
8.485000133514404297e-01,1.617719468823338502e+00,1.000100000000000000e+04
8.615000247955322266e-01,1.818882127715139241e+00,1.000100000000000000e+04
8.744999766349792480e-01,1.542485175276026688e+00,1.000100000000000000e+04
8.874999880790710449e-01,nan,1.000100000000000000e+04
9.004999399185180664e-01,1.218004160728195728e+00,1.000100000000000000e+04
9.134999513626098633e-01,2.218594068718509504e+00,1.000100000000000000e+04
9.264999628067016602e-01,1.108092659256503909e+00,1.000100000000000000e+04
9.394999742507934570e-01,1.001665071474306057e+00,1.000100000000000000e+04
9.524999856948852539e-01,2.337785197679858928e+00,1.000100000000000000e+04
9.654999971389770508e-01,9.857900466499132097e-01,1.000100000000000000e+04
9.785000085830688477e-01,8.067755096065024611e-01,1.000100000000000000e+04
9.915000200271606445e-01,2.086026351465700479e+00,1.000100000000000000e+04
1.004499912261962891e+00,2.121955249723392889e+00,1.000100000000000000e+04
1.017499923706054688e+00,2.055074099576088109e+00,1.000100000000000000e+04
1.030499935150146484e+00,1.284690261354995755e+00,1.000100000000000000e+04
1.043499946594238281e+00,1.696012795758168767e+00,1.000100000000000000e+04
1.056499958038330078e+00,1.419826099981893019e+00,1.000100000000000000e+04
1.069499969482421875e+00,2.682972029463885466e+00,1.000100000000000000e+04
1.082499980926513672e+00,2.162830979287558630e+00,1.000100000000000000e+04
1.095499992370605469e+00,1.324625409712685054e+00,1.000100000000000000e+04
1.108500003814697266e+00,2.023686778979258083e+00,1.000100000000000000e+04
1.121500015258789062e+00,1.807572173399992543e+00,1.000100000000000000e+04
1.134500026702880859e+00,1.453578540719147938e+00,1.000100000000000000e+04
1.147499918937683105e+00,1.383309628221824461e+00,1.000100000000000000e+04
1.160499930381774902e+00,2.158839229014191563e+00,1.000100000000000000e+04
1.173499941825866699e+00,2.100747901324617306e+00,1.000100000000000000e+04
1.186499953269958496e+00,1.252887833778196125e+00,1.000100000000000000e+04
1.199499964714050293e+00,1.576425855904266315e+00,1.000100000000000000e+04
1.212499976158142090e+00,1.240049156874087455e+00,1.000100000000000000e+04
1.225499987602233887e+00,1.493522368810281886e+00,1.000100000000000000e+04
1.238499999046325684e+00,2.085116573374648841e+00,1.000100000000000000e+04
1.251500010490417480e+00,1.193596135093717425e+00,1.000100000000000000e+04
1.264499902725219727e+00,1.160510218169686469e+00,1.000100000000000000e+04
1.277499914169311523e+00,1.308141263136088028e+00,1.000100000000000000e+04
1.290499925613403320e+00,1.324900085866933974e+00,1.000100000000000000e+04
1.303499937057495117e+00,1.477411041527006086e+00,1.000100000000000000e+04
1.316499948501586914e+00,9.632656652889732829e-01,1.000100000000000000e+04
1.329499959945678711e+00,1.832633718724933747e+00,1.000100000000000000e+04
1.342499971389770508e+00,1.349276360649190432e+00,1.000100000000000000e+04
1.355499982833862305e+00,7.547026532415794797e-01,1.000100000000000000e+04
1.368499994277954102e+00,8.475572866980951581e-01,1.000100000000000000e+04
1.381500005722045898e+00,1.119120833799488901e+00,1.000100000000000000e+04
1.394500017166137695e+00,1.070857030903026086e+00,1.000100000000000000e+04
1.407499909400939941e+00,1.074574858173705572e+00,1.000100000000000000e+04
1.420499920845031738e+00,1.041528819120117300e+00,1.000100000000000000e+04
1.433499932289123535e+00,1.253336517527847027e+00,1.000100000000000000e+04
1.446499943733215332e+00,8.034256690368689613e-01,1.000100000000000000e+04
1.459499955177307129e+00,8.806010322289018477e-01,1.000100000000000000e+04
1.472499966621398926e+00,1.231728890841274904e+00,1.000100000000000000e+04
1.485499858856201172e+00,1.045343730058947429e+00,1.000100000000000000e+04
1.498499870300292969e+00,nan,1.000100000000000000e+04
1.511499881744384766e+00,6.446770171906492930e-01,1.000100000000000000e+04
1.524499893188476562e+00,7.468091248124971715e-01,1.000100000000000000e+04
1.537499904632568359e+00,7.577709468194644415e-01,1.000100000000000000e+04
1.550499916076660156e+00,1.147322065516622525e+00,1.000100000000000000e+04
1.563499927520751953e+00,8.225922453237788368e-01,1.000100000000000000e+04
1.576499938964843750e+00,6.869796871540755356e-01,1.000100000000000000e+04
1.589499950408935547e+00,8.928660804802698303e-01,1.000100000000000000e+04
1.602499961853027344e+00,5.170257694143144400e-01,1.000100000000000000e+04
1.615499973297119141e+00,7.802228429397097820e-01,1.000100000000000000e+04
1.628499865531921387e+00,7.376838545509128986e-01,1.000100000000000000e+04
1.641499876976013184e+00,7.380368863626809439e-01,1.000100000000000000e+04
1.654499888420104980e+00,6.386719285181290395e-01,1.000100000000000000e+04
1.667499899864196777e+00,7.664585082027485230e-01,1.000100000000000000e+04
1.680499911308288574e+00,8.804332501512088793e-01,1.000100000000000000e+04
1.693499922752380371e+00,6.191681680025463708e-01,1.000100000000000000e+04
1.706499934196472168e+00,7.766226121079098377e-01,1.000100000000000000e+04
1.719499945640563965e+00,7.492810045077960002e-01,1.000100000000000000e+04
1.732499957084655762e+00,8.835357007783909422e-01,1.000100000000000000e+04
1.745499849319458008e+00,9.307587993254055059e-01,1.000100000000000000e+04
1.758499860763549805e+00,7.423222358942437316e-01,1.000100000000000000e+04
1.771499872207641602e+00,8.129988382958303061e-01,1.000100000000000000e+04
1.784499883651733398e+00,8.523490807406008951e-01,1.000100000000000000e+04
1.797499895095825195e+00,8.813432748050000765e-01,1.000100000000000000e+04
1.810499906539916992e+00,9.213349366948528907e-01,1.000100000000000000e+04
1.823499917984008789e+00,6.747227733778412562e-01,1.000100000000000000e+04
1.836499929428100586e+00,6.567445493409119761e-01,1.000100000000000000e+04
1.849499940872192383e+00,8.701071251441140353e-01,1.000100000000000000e+04
1.862499952316284180e+00,1.046907411785247710e+00,1.000100000000000000e+04
1.875499963760375977e+00,8.625576050147308882e-01,1.000100000000000000e+04
1.888499855995178223e+00,8.757435765317435061e-01,1.000100000000000000e+04
1.901499867439270020e+00,9.281408261530471604e-01,1.000100000000000000e+04
1.914499878883361816e+00,7.211217993397126547e-01,1.000100000000000000e+04
1.927499890327453613e+00,8.106419218145552996e-01,1.000100000000000000e+04
1.940499901771545410e+00,8.047799300746957263e-01,1.000100000000000000e+04
1.953499913215637207e+00,8.789863508709095941e-01,1.000100000000000000e+04
1.966499924659729004e+00,9.906278932279926064e-01,1.000100000000000000e+04
1.979499936103820801e+00,8.640585029981050491e-01,1.000100000000000000e+04
1.992499947547912598e+00,9.317758143657375314e-01,1.000100000000000000e+04
2.005499839782714844e+00,9.632173938824407644e-01,1.000100000000000000e+04
2.018499851226806641e+00,8.970663760551368382e-01,1.000100000000000000e+04
2.031499862670898438e+00,9.303946272276267804e-01,1.000100000000000000e+04
2.044499874114990234e+00,1.022570649429197731e+00,1.000100000000000000e+04
2.057499885559082031e+00,8.850123270006611254e-01,1.000100000000000000e+04
2.070499897003173828e+00,9.466525096289456487e-01,1.000100000000000000e+04
2.083499908447265625e+00,9.683113332844152099e-01,1.000100000000000000e+04
2.096499919891357422e+00,1.010350238006242130e+00,1.000100000000000000e+04
2.109499931335449219e+00,9.762000286535028604e-01,1.000100000000000000e+04
2.122499942779541016e+00,1.103854507830676734e+00,1.000100000000000000e+04
2.135499954223632812e+00,1.016386017544533393e+00,1.000100000000000000e+04
2.148499965667724609e+00,1.070389660837983703e+00,1.000100000000000000e+04
2.161499977111816406e+00,1.135593198866334586e+00,1.000100000000000000e+04
2.174499988555908203e+00,1.085742771828154263e+00,1.000100000000000000e+04
2.187500000000000000e+00,9.549943328398416975e-01,1.000100000000000000e+04
2.200500011444091797e+00,1.132356441571657379e+00,1.000100000000000000e+04
2.213500022888183594e+00,1.039240102376500108e+00,1.000100000000000000e+04
2.226500034332275391e+00,1.016168979415535079e+00,1.000100000000000000e+04
2.239500045776367188e+00,9.911988073796609289e-01,1.000100000000000000e+04
2.252500057220458984e+00,1.066097331176983243e+00,1.000100000000000000e+04
2.265499830245971680e+00,1.110100249423585872e+00,1.000100000000000000e+04
2.278499841690063477e+00,1.172424005003121383e+00,1.000100000000000000e+04
2.291499853134155273e+00,1.000983425765356483e+00,1.000100000000000000e+04
2.304499864578247070e+00,9.736391151056279503e-01,1.000100000000000000e+04
2.317499876022338867e+00,1.009572817812966150e+00,1.000100000000000000e+04
2.330499887466430664e+00,1.072927456118561995e+00,1.000100000000000000e+04
2.343499898910522461e+00,9.951821707890112778e-01,1.000100000000000000e+04
2.356499910354614258e+00,1.059990879035379807e+00,1.000100000000000000e+04
2.369499921798706055e+00,9.793238359598526177e-01,1.000100000000000000e+04
2.382499933242797852e+00,9.759957748536478572e-01,1.000100000000000000e+04
2.395499944686889648e+00,1.116760491615604645e+00,1.000100000000000000e+04
2.408499956130981445e+00,9.069607809607642679e-01,1.000100000000000000e+04
2.421499967575073242e+00,9.239065155495692627e-01,1.000100000000000000e+04
2.434499979019165039e+00,1.085504804846167959e+00,1.000100000000000000e+04
2.447499990463256836e+00,8.833213447094107051e-01,1.000100000000000000e+04
2.460500001907348633e+00,9.213765447240580553e-01,1.000100000000000000e+04
2.473500013351440430e+00,9.685506304613697992e-01,1.000100000000000000e+04
2.486500024795532227e+00,9.526862107316395045e-01,1.000100000000000000e+04
2.499500036239624023e+00,9.248150431767736546e-01,1.000100000000000000e+04
2.512500047683715820e+00,9.455965413783576912e-01,1.000100000000000000e+04
2.525500059127807617e+00,8.999675177190437081e-01,1.000100000000000000e+04
2.538500070571899414e+00,8.487328619804874741e-01,1.000100000000000000e+04
2.551500082015991211e+00,9.452724344085996488e-01,1.000100000000000000e+04
2.564500093460083008e+00,8.600740109148198309e-01,1.000100000000000000e+04
2.577499866485595703e+00,9.758357489041097343e-01,1.000100000000000000e+04
2.590499877929687500e+00,8.219899037738714886e-01,1.000100000000000000e+04
2.603499889373779297e+00,8.212150424531120541e-01,1.000100000000000000e+04
2.616499900817871094e+00,8.848354859049827326e-01,1.000100000000000000e+04
2.629499912261962891e+00,9.037568643830702353e-01,1.000100000000000000e+04
2.642499923706054688e+00,8.509026806410068255e-01,1.000100000000000000e+04
2.655499935150146484e+00,8.460684451517158644e-01,1.000100000000000000e+04
2.668499946594238281e+00,8.873923979524540595e-01,1.000100000000000000e+04
2.681499958038330078e+00,1.007547415965033277e+00,1.000100000000000000e+04
2.694499969482421875e+00,8.555207687572841113e-01,1.000100000000000000e+04
2.707499980926513672e+00,8.566937256832025671e-01,1.000100000000000000e+04
2.720499992370605469e+00,9.509687401088353642e-01,1.000100000000000000e+04
2.733500003814697266e+00,8.921291905633808028e-01,1.000100000000000000e+04
2.746500015258789062e+00,8.604605943337045870e-01,1.000100000000000000e+04
2.759500026702880859e+00,8.560113364869911257e-01,1.000100000000000000e+04
2.772500038146972656e+00,8.506487780702720602e-01,1.000100000000000000e+04
2.785500049591064453e+00,9.079139957593901356e-01,1.000100000000000000e+04
2.798500061035156250e+00,8.461596449367190242e-01,1.000100000000000000e+04
2.811500072479248047e+00,8.914393215116983571e-01,1.000100000000000000e+04
2.824500083923339844e+00,8.670610855512769222e-01,1.000100000000000000e+04
2.837500095367431641e+00,9.068282809439640602e-01,1.000100000000000000e+04
2.850499868392944336e+00,9.001798546143787716e-01,1.000100000000000000e+04
2.863499879837036133e+00,9.293384074556888530e-01,1.000100000000000000e+04
2.876499891281127930e+00,9.272324582681978900e-01,1.000100000000000000e+04
2.889499902725219727e+00,8.796653408084484926e-01,1.000100000000000000e+04
2.902499914169311523e+00,9.047758309093312246e-01,1.000100000000000000e+04
2.915499925613403320e+00,9.630496823368114301e-01,1.000100000000000000e+04
2.928499937057495117e+00,9.513437589065227851e-01,1.000100000000000000e+04
2.941499948501586914e+00,9.925172207963643967e-01,1.000100000000000000e+04
2.954499959945678711e+00,9.444873198403463954e-01,1.000100000000000000e+04
2.967499971389770508e+00,9.697074109155551236e-01,1.000100000000000000e+04
2.980499982833862305e+00,1.008548027914102807e+00,1.000100000000000000e+04
2.993499994277954102e+00,9.836245865693582502e-01,1.000100000000000000e+04
